venue_area_id;venue_area_clean;country_name_clean;unit_name_clean;fuzzy_score;correspondance;geometry;is_strict;status
23;losangeles;unitedstatesofamerica;losangeles;100.0;Ci2Ci;POINT (-118.23198647223317 34.049219260337075);True;single_strict_match
519;denver;unitedstatesofamerica;denver;100.0;Ci2Ci;POINT (-104.9859618 39.7411339);True;single_strict_match
17;chicago;unitedstatesofamerica;chicago;100.0;Ci2Ci;POINT (-87.63523655322338 41.847961283364114);True;single_strict_match
527;lasvegas;unitedstatesofamerica;lasvegas;100.0;Ci2Ci;POINT (-105.2225027 35.5970119);True;single_strict_match
309;sandiego;unitedstatesofamerica;sandiego;100.0;Ci2Ci;POINT (-117.15088145402623 32.71891385421138);True;single_strict_match
321;austin;unitedstatesofamerica;austin;100.0;Ci2Ci;POINT (-97.7447242 30.2688955);True;single_strict_match
308;california;unitedstatesofamerica;california;100.0;Ci2St;POINT (-119.60590001319969 37.24205795622323);True;single_strict_match
218;sanfrancisco;unitedstatesofamerica;sanfrancisco;100.0;Ci2Ci;POINT (-122.39959956304557 37.784262651527904);True;single_strict_match
315;orlando;unitedstatesofamerica;orlando;100.0;Ci2Ci;POINT (-81.3819762 28.5119227);True;single_strict_match
320;sanantonio;unitedstatesofamerica;sanantonio;100.0;Ci2Ci;POINT (-98.4926929920987 29.419848478603353);True;single_strict_match
80;pennsylvania;unitedstatesofamerica;pennsylvania;100.0;Ci2St;POINT (-77.84132463999072 40.89848407637853);True;single_strict_match
63;houston;unitedstatesofamerica;houston;100.0;Ci2Ci;POINT (-95.34843625672217 29.741272831862542);True;single_strict_match
102;arizona;unitedstatesofamerica;arizona;100.0;Ci2St;POINT (-111.66096363958074 34.291854300671446);True;single_strict_match
46;seattle;unitedstatesofamerica;seattle;100.0;Ci2Ci;POINT (-122.31532231603904 47.600423319460475);True;single_strict_match
19;detroit;unitedstatesofamerica;detroit;100.0;Ci2Ci;POINT (-83.05133408216001 42.33355800559568);True;single_strict_match
125;portland;unitedstatesofamerica;portland;100.0;Ci2Ci;POINT (-70.2455274 43.6721616);True;single_strict_match
530;boston;unitedstatesofamerica;boston;100.0;Ci2Ci;POINT (-71.0719595 42.331906);True;single_strict_match
606;neworleans;unitedstatesofamerica;neworleans;100.0;Ci2Ci;POINT (-90.08836791917577 29.968907521885654);True;single_strict_match
528;philadelphia;unitedstatesofamerica;philadelphia;100.0;Ci2Ci;POINT (-75.1798412402816 39.94594243742075);True;single_strict_match
531;pittsburgh;unitedstatesofamerica;pittsburgh;100.0;Ci2Ci;POINT (-80.0019313 40.4319445);True;single_strict_match
680;fireisland;unitedstatesofamerica;unitedstatesofamerica;;Ci2Cn;POINT (-112.49616355550513 45.68811937151896);False;no_match
322;elpaso;unitedstatesofamerica;elpaso;100.0;Ci2Ci;POINT (-106.511941 31.7819298);True;single_strict_match
552;sanjose;unitedstatesofamerica;sanjose;100.0;Ci2Ci;POINT (-121.88817862628899 37.33094269973713);True;single_strict_match
64;georgia;unitedstatesofamerica;georgia;100.0;Ci2St;POINT (-83.45273736939315 32.65406488778664);True;single_strict_match
317;florida;unitedstatesofamerica;florida;100.0;Ci2St;POINT (-82.48260947761543 28.64757978514386);True;single_strict_match
123;northcarolina;unitedstatesofamerica;northcarolina;100.0;Ci2St;POINT (-79.39018841614799 35.54722156220233);True;single_strict_match
48;newjersey;unitedstatesofamerica;newjersey;100.0;Ci2St;POINT (-74.66707888648405 40.19296890592156);True;single_strict_match
129;vermont;unitedstatesofamerica;vermont;100.0;Ci2St;POINT (-72.66539428963189 44.0756977167257);True;single_strict_match
526;baltimore;unitedstatesofamerica;baltimore;100.0;Ci2Ci;POINT (-76.6145820807727 39.28151578641361);True;single_strict_match
679;orangecounty;unitedstatesofamerica;unitedstatesofamerica;;Ci2Cn;POINT (-112.49616355550513 45.68811937151896);False;no_match
119;montana;unitedstatesofamerica;montana;100.0;Ci2Ci;POINT (-150.0727625 62.0796849);True;single_strict_match
72;tennessee;unitedstatesofamerica;tennessee;100.0;Ci2St;POINT (-86.34184031775764 35.8467794716296);True;single_strict_match
106;utah;unitedstatesofamerica;utah;100.0;Ci2St;POINT (-111.67416561853574 39.326481903473564);True;single_strict_match
310;sacramento;unitedstatesofamerica;sacramento;100.0;Ci2Ci;POINT (-121.4719839 38.5769672);True;single_strict_match
84;ohio;unitedstatesofamerica;ohio;100.0;Ci2St;POINT (-82.71090820231309 40.41604235312546);True;single_strict_match
360;michigan;unitedstatesofamerica;michigan;100.0;Ci2St;POINT (-85.73792177992637 44.87525408222702);True;single_strict_match
107;wisconsin;unitedstatesofamerica;wisconsin;100.0;Ci2St;POINT (-89.73572233536507 44.642857570741896);True;single_strict_match
410;oregon;unitedstatesofamerica;oregon;100.0;Ci2St;POINT (-120.54737587980728 43.940086889388525);True;single_strict_match
65;louisiana;unitedstatesofamerica;louisiana;100.0;Ci2St;POINT (-92.01993619050567 31.079225821823208);True;single_strict_match
593;milwaukee;unitedstatesofamerica;milwaukee;100.0;Ci2Ci;POINT (-87.91667321462553 43.029608354300805);True;single_strict_match
118;missouri;unitedstatesofamerica;missouri;100.0;Ci2St;POINT (-92.48414289712073 38.370202927728364);True;single_strict_match
564;columbus;unitedstatesofamerica;columbus;100.0;Ci2Ci;POINT (-84.9800173 32.4704328);True;single_strict_match
79;massachusetts;unitedstatesofamerica;massachusetts;100.0;Ci2St;POINT (-71.80547601716513 42.25752725973494);True;single_strict_match
133;hawaii;unitedstatesofamerica;hawaii;100.0;Ci2St;POINT (-156.35274982979604 20.252900125505157);True;single_strict_match
127;rhodeisland;unitedstatesofamerica;rhodeisland;100.0;Ci2St;POINT (-71.5593605121134 41.676738333506954);True;single_strict_match
117;maryland;unitedstatesofamerica;maryland;100.0;Ci2St;POINT (-76.79467772153117 39.052553490769185);True;single_strict_match
359;illinois;unitedstatesofamerica;illinois;100.0;Ci2St;POINT (-89.15435271350638 40.12656613593746);True;single_strict_match
590;minneapolis;unitedstatesofamerica;minneapolis;100.0;Ci2Ci;POINT (-93.2537322 44.9819251);True;single_strict_match
529;cleveland;unitedstatesofamerica;cleveland;100.0;Ci2Ci;POINT (-81.6969441 41.4719327);True;single_strict_match
122;newmexico;unitedstatesofamerica;newmexico;100.0;Ci2St;POINT (-106.11042227072976 34.42160325158483);True;single_strict_match
591;phoenix;unitedstatesofamerica;phoenix;100.0;Ci2Ci;POINT (-112.06736527766587 33.44832240381263);True;single_strict_match
47;nevada;unitedstatesofamerica;nevada;100.0;Ci2St;POINT (-116.65193270037575 39.354009072794106);True;single_strict_match
81;minnesota;unitedstatesofamerica;minnesota;100.0;Ci2St;POINT (-94.19915957459052 46.34322531637075);True;single_strict_match
595;tucson;unitedstatesofamerica;tucson;100.0;Ci2Ci;POINT (-110.8919321 32.2069426);True;single_strict_match
121;newhampshire;unitedstatesofamerica;newhampshire;100.0;Ci2St;POINT (-71.57833983408909 43.68970963823693);True;single_strict_match
111;connecticut;unitedstatesofamerica;connecticut;100.0;Ci2St;POINT (-72.7283236515106 41.62418874342912);True;single_strict_match
553;richmond;unitedstatesofamerica;richmond;100.0;Ci2Ci;POINT (-84.8902812 39.8288983);True;single_strict_match
115;kentucky;unitedstatesofamerica;kentucky;100.0;Ci2St;POINT (-85.29021116972055 37.52967569085585);True;single_strict_match
132;wyoming;unitedstatesofamerica;wyoming;100.0;Ci2St;POINT (-107.55229363405637 42.999827180190195);True;single_strict_match
120;nebraska;unitedstatesofamerica;nebraska;100.0;Ci2St;POINT (-99.80594076810863 41.52912550392911);True;single_strict_match
655;charleston;unitedstatesofamerica;charleston;100.0;Ci2Ci;POINT (-79.9921047 32.7923769);True;single_strict_match
116;maine;unitedstatesofamerica;maine;100.0;Ci2St;POINT (-69.23290502303796 45.3882852252027);True;single_strict_match
654;greensboro;unitedstatesofamerica;greensboro;100.0;Ci2Ci;POINT (-79.8000234 36.0700063);True;single_strict_match
112;delaware;unitedstatesofamerica;delaware;100.0;Ci2St;POINT (-75.50625878475134 38.99705406217621);True;single_strict_match
108;alabama;unitedstatesofamerica;alabama;100.0;Ci2St;POINT (-86.82879407470764 32.788930419369635);True;single_strict_match
105;southcarolina;unitedstatesofamerica;southcarolina;100.0;Ci2St;POINT (-80.89993652993118 33.91804721648825);True;single_strict_match
681;provincetown;unitedstatesofamerica;unitedstatesofamerica;;Ci2Cn;POINT (-112.49616355550513 45.68811937151896);False;no_match
103;mississippi;unitedstatesofamerica;mississippi;100.0;Ci2St;POINT (-89.67038785743306 32.76110782295745);True;single_strict_match
678;inlandempire;unitedstatesofamerica;unitedstatesofamerica;;Ci2Cn;POINT (-112.49616355550513 45.68811937151896);False;no_match
656;wilmington;unitedstatesofamerica;wilmington;100.0;Ci2Ci;POINT (-75.546898 39.7462677);True;single_strict_match
683;memphis;unitedstatesofamerica;memphis;100.0;Ci2Ci;POINT (-90.02877702278532 35.14470115515157);True;single_strict_match
20;barcelona;spain;barcelona;100.0;Ci2Ci;POINT (2.1814245 41.3852454);True;single_strict_match
25;ibiza;spain;spain;;Ci2Cn;POINT (-3.65263701695228 40.22723370141914);False;no_match
169;south;spain;spain;;Ci2Cn;POINT (-3.65263701695228 40.22723370141914);False;no_match
160;east;spain;spain;;Ci2Cn;POINT (-3.65263701695228 40.22723370141914);False;no_match
41;madrid;spain;madrid;100.0;Ci2Ci;POINT (-3.6852975 40.4019721);True;single_strict_match
367;canaryislands;spain;spain;;Ci2Cn;POINT (-3.65263701695228 40.22723370141914);False;no_match
170;north;spain;spain;;Ci2Cn;POINT (-3.65263701695228 40.22723370141914);False;no_match
613;alicante;spain;alicante;100.0;Ci2Ci;POINT (-0.4836407 38.3512199);True;single_strict_match
609;benidorm;spain;spain;;Ci2Cn;POINT (-3.65263701695228 40.22723370141914);False;no_match
608;malaga;spain;malaga;100.0;Ci2Ci;POINT (-4.4199992 36.7204059);True;single_strict_match
612;bilbao;spain;bilbao;100.0;Ci2Ci;POINT (-2.9299868 43.2499815);True;single_strict_match
176;netherlands;netherlands;netherlands;100.0;Ci2Cn;POINT (5.216814209198498 52.06979165435265);True;single_strict_match
29;amsterdam;netherlands;amsterdam;100.0;Ci2Ci;POINT (4.9146943 52.3519145);True;single_strict_match
177;eindhoven;netherlands;eindhoven;100.0;Ci2Ci;POINT (5.5000154 51.4299732);True;single_strict_match
178;thehague;netherlands;thehague;100.0;Ci2Ci;POINT (4.2699613 52.0800368);True;single_strict_match
174;rotterdam;netherlands;rotterdam;100.0;Ci2Ci;POINT (4.4780285 51.921915);True;single_strict_match
175;utrecht;netherlands;utrecht;100.0;Ci2Ci;POINT (5.1200386 52.1003457);True;single_strict_match
672;nijmegen;netherlands;netherlands;;Ci2Cn;POINT (5.216814209198498 52.06979165435265);False;no_match
343;liverpool;unitedkingdom;liverpool;100.0;Ci2Ci;POINT (-2.961934009816594 53.405068298036525);True;single_strict_match
340;glasgow;unitedkingdom;glasgow;100.0;Ci2Ci;POINT (-4.239100528802634 55.86226975799262);True;single_strict_match
346;leeds;unitedkingdom;leeds;100.0;Ci2Ci;POINT (-1.5513477114128407 53.790016637752316);True;single_strict_match
446;bristol;unitedkingdom;bristol;100.0;Ci2Ci;POINT (-2.5833155 51.4499978);True;single_strict_match
518;cardiff;unitedkingdom;cardiff;100.0;Ci2Ci;POINT (-3.1675981955277295 51.48261904913091);True;single_strict_match
15;southeast;unitedkingdom;unitedkingdom;;Ci2Cn;POINT (-2.886951476274187 54.14704818882326);False;no_match
14;midlands;unitedkingdom;unitedkingdom;;Ci2Cn;POINT (-2.886951476274187 54.14704818882326);False;no_match
516;birmingham;unitedkingdom;birmingham;100.0;Ci2Ci;POINT (-1.9219426 52.4769198);True;single_strict_match
341;edinburgh;unitedkingdom;edinburgh;100.0;Ci2Ci;POINT (-3.2190906 55.9483279);True;single_strict_match
520;sheffield;unitedkingdom;sheffield;100.0;Ci2Ci;POINT (-1.4999966 53.3666767);True;single_strict_match
24;westwales;unitedkingdom;unitedkingdom;;Ci2Cn;POINT (-2.886951476274187 54.14704818882326);False;no_match
534;belfast;unitedkingdom;belfast;100.0;Ci2Ci;POINT (-5.928177644913072 54.594245156841886);True;single_strict_match
35;northernireland;unitedkingdom;unitedkingdom;;Ci2Cn;POINT (-2.886951476274187 54.14704818882326);False;no_match
539;dundee;unitedkingdom;dundee;100.0;Ci2Ci;POINT (-3.0000084 56.470389);True;single_strict_match
30;scotland;unitedkingdom;unitedkingdom;;Ci2Cn;POINT (-2.886951476274187 54.14704818882326);False;no_match
685;southampton;unitedkingdom;southampton;100.0;Ci2Ci;POINT (-1.3999768 50.9000314);True;single_strict_match
406;naples;italy;naples;100.0;Ci2Ci;POINT (14.2430655 40.8419711);True;single_strict_match
351;rome;italy;rome;100.0;Ci2Ci;POINT (12.4813126 41.8979015);True;single_strict_match
171;north;italy;italy;;Ci2Cn;POINT (12.071907092729294 42.786433996367975);False;no_match
348;turin;italy;turin;100.0;Ci2Ci;POINT (7.6680146 45.072333);True;single_strict_match
352;florence;italy;florence;100.0;Ci2Ci;POINT (11.2500004 43.7800008);True;single_strict_match
349;venice;italy;venice;100.0;Ci2Ci;POINT (12.3349987 45.4386593);True;single_strict_match
52;central;italy;italy;;Ci2Cn;POINT (12.071907092729294 42.786433996367975);False;no_match
172;south;italy;italy;;Ci2Cn;POINT (12.071907092729294 42.786433996367975);False;no_match
302;sicily;italy;italy;;Ci2Cn;POINT (12.071907092729294 42.786433996367975);False;no_match
350;bologna;italy;bologna;100.0;Ci2Ci;POINT (11.3400207 44.500422);True;single_strict_match
673;sardinia;italy;italy;;Ci2Cn;POINT (12.071907092729294 42.786433996367975);False;no_match
400;saopaulo;brazil;saopaulo;100.0;Ci2Ci;POINT (-46.6269658 -23.5567337);True;single_strict_match
401;riodejaneiro;brazil;riodejaneiro;100.0;Ci2Ci;POINT (-43.212117466834385 -22.907308056882364);True;single_strict_match
43;ireland;ireland;ireland;100.0;Ci2Cn;POINT (-8.145044352542058 53.178221526759124);True;single_strict_match
387;cork;ireland;cork;100.0;Ci2Ci;POINT (-8.465109738576434 51.89283760162047);True;single_strict_match
389;galway;ireland;galway;100.0;Ci2Ci;POINT (-9.0488123 53.272393);True;single_strict_match
388;limerick;ireland;limerick;100.0;Ci2Ci;POINT (-8.6230502 52.664704);True;single_strict_match
689;waterford;ireland;waterford;100.0;Ci2Ci;POINT (-7.1119279 52.2582947);True;single_strict_match
558;sofia;bulgaria;sofia;100.0;Ci2Ci;POINT (23.3147082 42.6852953);True;single_strict_match
95;bulgaria;bulgaria;bulgaria;100.0;Ci2Cn;POINT (25.217512511716734 42.76852261435958);True;single_strict_match
94;croatia;croatia;croatia;100.0;Ci2Cn;POINT (16.39572477734672 45.06750474696443);True;single_strict_match
365;algarve;portugal;portugal;;Ci2Cn;POINT (-8.590837589005913 39.587146863899235);False;no_match
364;porto;portugal;porto;100.0;Ci2Ci;POINT (-8.6219471 41.1519522);True;single_strict_match
611;lagospt;portugal;portugal;;Ci2Cn;POINT (-8.590837589005913 39.587146863899235);False;no_match
610;faro;portugal;faro;100.0;Ci2Ci;POINT (-7.9332732 37.0170803);True;single_strict_match
164;malta;malta;malta;100.0;Ci2Cn;POINT (14.403754031434133 35.921026987006606);True;single_strict_match
381;bucharest;romania;bucharest;100.0;Ci2Ci;POINT (26.0980008 44.4353177);True;single_strict_match
383;iasi;romania;iasi;100.0;Ci2Ci;POINT (27.5749471 47.168347);True;single_strict_match
136;dubai;unitedarabemirates;dubai;100.0;Ci2Ci;POINT (55.28694561354246 25.21491189371225);True;single_strict_match
213;abudhabi;unitedarabemirates;abudhabi;100.0;Ci2Ci;POINT (54.3665934 24.4666836);True;single_strict_match
60;switzerland;switzerland;switzerland;100.0;Ci2Cn;POINT (8.215353657454004 46.79895686977883);True;single_strict_match
393;lausanne;switzerland;lausanne;100.0;Ci2Ci;POINT (6.6500227 46.5304273);True;single_strict_match
394;bern;switzerland;bern;100.0;Ci2Ci;POINT (7.4669755 46.9166828);True;single_strict_match
45;argentina;argentina;argentina;100.0;Ci2Cn;POINT (-65.17307736953525 -35.37867944030587);True;single_strict_match
405;brussels;belgium;brussels;100.0;Ci2Ci;POINT (4.3313707 50.8352629);True;single_strict_match
62;belgium;belgium;belgium;100.0;Ci2Cn;POINT (4.639960507668175 50.63746163533433);True;single_strict_match
545;ghent;belgium;belgium;;Ci2Cn;POINT (4.639960507668175 50.63746163533433);False;no_match
44;paris;france;paris;100.0;Ci2Ci;POINT (2.3529924615392135 48.85809231626911);True;single_strict_match
338;marseille;france;marseille;100.0;Ci2Ci;POINT (5.3730643 43.2919249);True;single_strict_match
286;southwest;france;france;;Ci2Cn;POINT (-2.755221189920637 42.18010698062937);False;no_match
614;nice;france;nice;100.0;Ci2Ci;POINT (7.2630781 43.7169636);True;single_strict_match
277;east;france;france;;Ci2Cn;POINT (-2.755221189920637 42.18010698062937);False;no_match
615;strasbourg;france;strasbourg;100.0;Ci2Ci;POINT (7.7500073 48.5799662);True;single_strict_match
156;southeast;france;france;;Ci2Cn;POINT (-2.755221189920637 42.18010698062937);False;no_match
155;west;france;france;;Ci2Cn;POINT (-2.755221189920637 42.18010698062937);False;no_match
337;lyon;france;lyon;100.0;Ci2Ci;POINT (4.8280846 45.7719544);True;single_strict_match
617;bordeaux;france;bordeaux;100.0;Ci2Ci;POINT (-0.5969589 44.8519589);True;single_strict_match
157;frenchriviera;france;france;;Ci2Cn;POINT (-2.755221189920637 42.18010698062937);False;no_match
536;nantes;france;nantes;100.0;Ci2Ci;POINT (-1.5900169 47.2103858);True;single_strict_match
278;north;france;france;;Ci2Cn;POINT (-2.755221189920637 42.18010698062937);False;no_match
619;lille;france;lille;100.0;Ci2Ci;POINT (3.0780622 50.651915);True;single_strict_match
276;central;france;france;;Ci2Cn;POINT (-2.755221189920637 42.18010698062937);False;no_match
448;frenchwestindies;france;france;;Ci2Cn;POINT (-2.755221189920637 42.18010698062937);False;no_match
616;chamonix;france;france;;Ci2Cn;POINT (-2.755221189920637 42.18010698062937);False;no_match
88;moscow;russia;moscow;100.0;Ci2Ci;POINT (37.613577 55.75411);True;single_strict_match
522;guadalajara;mexico;guadalajara;100.0;Ci2Ci;POINT (-103.3319801 20.671962);True;single_strict_match
550;puertovallarta;mexico;puertovallarta;100.0;Ci2Ci;POINT (-105.2449819 20.6770958);True;single_strict_match
523;tulum;mexico;mexico;;Ci2Cn;POINT (-102.53030787352746 23.949171200328962);False;no_match
601;acapulco;mexico;acapulco;100.0;Ci2Ci;POINT (-99.915979 16.8499909);True;single_strict_match
629;nayarit;mexico;nayarit;100.0;Ci2St;POINT (-104.90796190115498 21.843351199885316);True;single_strict_match
651;quintanaroo;mexico;quintanaroo;100.0;Ci2St;POINT (-88.11051770087931 19.685968802748565);True;single_strict_match
70;monterrey;mexico;monterrey;100.0;Ci2Ci;POINT (-100.3319306 25.671941);True;single_strict_match
600;ciudadjuarez;mexico;ciudadjuarez;100.0;Ci2Ci;POINT (-106.4919939 31.6923229);True;single_strict_match
524;tijuana;mexico;tijuana;100.0;Ci2Ci;POINT (-117.0819418 32.5019634);True;single_strict_match
682;ensenada;mexico;ensenada;100.0;Ci2Ci;POINT (-116.6199982 31.8699785);True;single_strict_match
637;queretaro;mexico;queretaro;100.0;Ci2Ci;POINT (-100.38666708699424 20.577704021966365);True;single_strict_match
635;guanajuato;mexico;guanajuato;100.0;Ci2Ci;POINT (-101.2799785 21.0204081);True;single_strict_match
603;merida;mexico;merida;100.0;Ci2Ci;POINT (-89.6185794 20.9685847);True;single_strict_match
623;sonora;mexico;sonora;100.0;Ci2St;POINT (-110.81980920014172 29.692299391210863);True;single_strict_match
525;puertoescondido;mexico;puertoescondido;100.0;Ci2Ci;POINT (-97.0658883 15.8591803);True;single_strict_match
551;peublacity;mexico;mexico;;Ci2Cn;POINT (-102.53030787352746 23.949171200328962);False;no_match
602;sanjosedelcabo;mexico;mexico;;Ci2Cn;POINT (-102.53030787352746 23.949171200328962);False;no_match
650;yucatan;mexico;yucatan;100.0;Ci2St;POINT (-88.92815486426277 20.78603440427201);True;single_strict_match
646;oaxaca;mexico;oaxaca;100.0;Ci2Ci;POINT (-96.6699498 17.0826898);True;single_strict_match
624;chihuahua;mexico;chihuahua;100.0;Ci2Ci;POINT (-106.0869282 28.6469274);True;single_strict_match
633;tamaulipas;mexico;tamaulipas;100.0;Ci2St;POINT (-98.620745664509 24.299247644247753);True;single_strict_match
597;queretaro;mexico;queretaro;100.0;Ci2Ci;POINT (-100.38666708699424 20.577704021966365);True;single_strict_match
632;aguascalientes;mexico;aguascalientes;100.0;Ci2Ci;POINT (-102.2923593 21.8814058);True;single_strict_match
634;jalisco;mexico;jalisco;100.0;Ci2St;POINT (-103.61789080050288 20.60016693999224);True;single_strict_match
604;morelia;mexico;morelia;100.0;Ci2Ci;POINT (-101.189493 19.7333808);True;single_strict_match
631;sanluispotosi;mexico;sanluispotosi;100.0;Ci2Ci;POINT (-101.0019414 22.1719221);True;single_strict_match
684;playadelcarmen;mexico;mexico;;Ci2Cn;POINT (-102.53030787352746 23.949171200328962);False;no_match
626;coahuila;mexico;coahuila;100.0;Ci2St;POINT (-102.03747301023678 27.314136220006937);True;single_strict_match
640;tlaxcala;mexico;tlaxcala;100.0;Ci2Ci;POINT (-98.2300096 19.3199951);True;single_strict_match
642;puebla;mexico;puebla;100.0;Ci2Ci;POINT (-98.20373725542488 19.032593839016364);True;single_strict_match
638;michoacan;mexico;michoacan;100.0;Ci2St;POINT (-101.8873404923287 19.207239862566283);True;single_strict_match
598;irapuato;mexico;irapuato;100.0;Ci2Ci;POINT (-101.35087694576201 20.67604155916101);True;single_strict_match
627;durango;mexico;durango;100.0;Ci2Ci;POINT (-104.6700299 24.0311029);True;single_strict_match
648;chiapas;mexico;chiapas;100.0;Ci2St;POINT (-92.46595565532937 16.500057244912494);True;single_strict_match
625;sinaloa;mexico;sinaloa;100.0;Ci2St;POINT (-107.4839749442179 25.024174883294098);True;single_strict_match
630;zacatecas;mexico;zacatecas;100.0;Ci2Ci;POINT (-102.5800025 22.7704305);True;single_strict_match
636;colima;mexico;colima;100.0;Ci2Ci;POINT (-103.7200104 19.2299748);True;single_strict_match
649;campeche;mexico;campeche;100.0;Ci2Ci;POINT (-90.4999905 19.8299898);True;single_strict_match
647;tabasco;mexico;tabasco;100.0;Ci2St;POINT (-92.58065155640294 17.948218854324953);True;single_strict_match
235;erfurt;germany;erfurt;100.0;Ci2Ci;POINT (11.0299621 50.9700529);True;single_strict_match
34;berlin;germany;berlin;100.0;Ci2Ci;POINT (13.3996028 52.5237645);True;single_strict_match
147;frankfurt;germany;frankfurt;100.0;Ci2Ci;POINT (8.6750154 50.0999768);True;single_strict_match
150;dresden;germany;dresden;100.0;Ci2Ci;POINT (13.7500028 51.0499705);True;single_strict_match
143;cologne;germany;cologne;100.0;Ci2Ci;POINT (6.9480586 50.9319495);True;single_strict_match
149;leipzig;germany;leipzig;100.0;Ci2Ci;POINT (12.4099812 51.3354053);True;single_strict_match
209;augsburg;germany;augsburg;100.0;Ci2Ci;POINT (10.8999959 48.3500061);True;single_strict_match
298;bochum;germany;germany;;Ci2Cn;POINT (10.381493786068498 51.10636353238866);False;no_match
154;nurnberg;germany;nurnberg;100.0;Ci2Ci;POINT (11.0799849 49.4499907);True;single_strict_match
208;brandenburg;germany;brandenburg;100.0;Ci2St;POINT (13.392324608695484 52.46923460471553);True;single_strict_match
333;saarland;germany;saarland;100.0;Ci2St;POINT (6.941142072290768 49.37687977106073);True;single_strict_match
220;karlsruhe;germany;karlsruhe;100.0;Ci2Ci;POINT (8.3999934 48.9999923);True;single_strict_match
148;hamburg;germany;hamburg;100.0;Ci2Ci;POINT (9.9980533 53.5519705);True;single_strict_match
151;munich;germany;munich;100.0;Ci2Ci;POINT (11.5730476 48.1318879);True;single_strict_match
153;mannheim;germany;mannheim;100.0;Ci2Ci;POINT (8.470015 49.5003752);True;single_strict_match
353;northrhinewestphalia;germany;germany;;Ci2Cn;POINT (10.381493786068498 51.10636353238866);False;no_match
227;saxonyanhalt;germany;germany;;Ci2Cn;POINT (10.381493786068498 51.10636353238866);False;no_match
219;heidelberg;germany;heidelberg;100.0;Ci2Ci;POINT (8.6999751 49.4199925);True;single_strict_match
152;stuttgart;germany;stuttgart;100.0;Ci2Ci;POINT (9.1999963 48.7799799);True;single_strict_match
145;dusseldorf;germany;dusseldorf;100.0;Ci2Ci;POINT (6.779989 51.2203736);True;single_strict_match
229;darmstadt;germany;germany;;Ci2Cn;POINT (10.381493786068498 51.10636353238866);False;no_match
146;hannover;germany;germany;;Ci2Cn;POINT (10.381493786068498 51.10636353238866);False;no_match
210;jena;germany;jena;100.0;Ci2Ci;POINT (11.5800061 50.9304429);True;single_strict_match
336;badenwurttemberg;germany;badenwurttemberg;100.0;Ci2St;POINT (9.052660557219511 48.542260018486274);True;single_strict_match
357;bavaria;germany;germany;;Ci2Cn;POINT (10.381493786068498 51.10636353238866);False;no_match
228;freiburg;germany;freiburg;100.0;Ci2Ci;POINT (7.8699483 48.0004151);True;single_strict_match
226;mecklenburgvorpommern;germany;mecklenburgvorpommern;100.0;Ci2St;POINT (12.51678528452082 53.75159292692088);True;single_strict_match
275;munster;germany;munster;100.0;Ci2Ci;POINT (7.6200411 51.9704053);True;single_strict_match
265;chemnitz;germany;chemnitz;100.0;Ci2Ci;POINT (12.919976 50.8299839);True;single_strict_match
266;rhinelandpalatinate;germany;germany;;Ci2Cn;POINT (10.381493786068498 51.10636353238866);False;no_match
273;schleswigholstein;germany;schleswigholstein;100.0;Ci2St;POINT (9.830451887276327 54.182280453952735);True;single_strict_match
274;bielefeld;germany;bielefeld;100.0;Ci2Ci;POINT (8.5300114 52.0299882);True;single_strict_match
356;saxony;germany;germany;;Ci2Cn;POINT (10.381493786068498 51.10636353238866);False;no_match
233;kassel;germany;kassel;100.0;Ci2Ci;POINT (9.5000297 51.3000069);True;single_strict_match
358;lowersaxony;germany;germany;;Ci2Cn;POINT (10.381493786068498 51.10636353238866);False;no_match
355;thuringia;germany;germany;;Ci2Cn;POINT (10.381493786068498 51.10636353238866);False;no_match
224;regensburg;germany;regensburg;100.0;Ci2Ci;POINT (12.1200248 49.0204045);True;single_strict_match
687;mainz;germany;mainz;100.0;Ci2Ci;POINT (8.2732192 49.9824725);True;single_strict_match
195;bahrain;bahrain;bahrain;100.0;Ci2Cn;POINT (50.563495775517374 26.035519097566432);True;single_strict_match
40;montreal;canada;montreal;100.0;Ci2Ci;POINT (-73.5852428 45.5019451);True;single_strict_match
28;toronto;canada;toronto;100.0;Ci2Ci;POINT (-79.38945855491194 43.66464454743429);True;single_strict_match
39;vancouver;canada;vancouver;100.0;Ci2Ci;POINT (-123.1235901 49.2753624);True;single_strict_match
137;calgary;canada;calgary;100.0;Ci2Ci;POINT (-114.0819441 51.0849376);True;single_strict_match
662;hamilton;canada;hamilton;100.0;Ci2Ci;POINT (-79.8299958 43.2499815);True;single_strict_match
570;ontario;canada;ontario;100.0;Ci2St;POINT (-85.82887698865927 50.06699985423795);True;single_strict_match
580;winnipeg;canada;winnipeg;100.0;Ci2Ci;POINT (-97.1659919 49.8829875);True;single_strict_match
572;quebec;canada;quebec;100.0;Ci2Ci;POINT (-71.2456102 46.8399691);True;single_strict_match
585;novascotia;canada;novascotia;100.0;Ci2St;POINT (-63.310821263533775 45.15382529916764);True;single_strict_match
571;britishcolumbia;canada;britishcolumbia;100.0;Ci2St;POINT (-124.75239224629796 54.76049117399965);True;single_strict_match
161;windsor;canada;windsor;100.0;Ci2Ci;POINT (-64.1291195 44.9805994);True;single_strict_match
586;halifax;canada;halifax;100.0;Ci2Ci;POINT (-63.6000045 44.6500252);True;single_strict_match
583;newbrunswick;canada;newbrunswick;100.0;Ci2St;POINT (-66.37845024334469 46.62571141107791);True;single_strict_match
578;regina;canada;regina;100.0;Ci2Ci;POINT (-104.6170099 50.450033);True;single_strict_match
373;bogota;colombia;bogota;100.0;Ci2Ci;POINT (-74.0852898 4.5983694);True;single_strict_match
374;medellin;colombia;medellin;100.0;Ci2Ci;POINT (-75.5769559 6.2769491);True;single_strict_match
163;colombia;colombia;colombia;100.0;Ci2Cn;POINT (-73.08384210425308 3.9094130488501677);True;single_strict_match
375;cali;colombia;cali;100.0;Ci2Ci;POINT (-76.5019123 3.401905);True;single_strict_match
538;pereira;colombia;pereira;100.0;Ci2Ci;POINT (-75.6799907 4.8103898);True;single_strict_match
198;moldova;moldova;moldova;100.0;Ci2Cn;POINT (28.461397130424853 47.19510148899436);True;single_strict_match
223;albania;albania;albania;100.0;Ci2Cn;POINT (20.053819149433938 41.14248218860815);True;single_strict_match
26;costarica;costarica;costarica;100.0;Ci2Cn;POINT (-84.19352756494371 9.973436994052134);True;single_strict_match
73;istanbul;turkey;istanbul;100.0;Ci2Ci;POINT (28.97427681675554 41.01760173507249);True;single_strict_match
378;turkey;turkey;turkey;100.0;Ci2Cn;POINT (35.167239386750786 39.06108059786125);True;single_strict_match
380;izmir;turkey;izmir;100.0;Ci2Ci;POINT (27.1498482 38.4380955);True;single_strict_match
379;ankara;turkey;ankara;100.0;Ci2Ci;POINT (32.8624458 39.9291844);True;single_strict_match
86;peru;peru;peru;100.0;Ci2Cn;POINT (-74.37806457210715 -9.154388480752162);True;single_strict_match
451;prague;czechrepublic;prague;100.0;Ci2St;POINT (14.452964129251034 50.06399088569312);True;single_strict_match
97;czechrepublic;czechrepublic;czechia;;Ci2Cn;POINT (15.314102910354318 49.73244816479755);False;no_match
676;brno;czechrepublic;czechia;;Ci2Cn;POINT (15.314102910354318 49.73244816479755);False;no_match
181;puertorico;puertorico;puertorico;100.0;Ci2St;POINT (-66.46760029281998 18.223816465407822);True;single_strict_match
78;hungary;hungary;hungary;100.0;Ci2Cn;POINT (19.396759267358174 47.163243686593276);True;single_strict_match
173;morocco;morocco;morocco;100.0;Ci2Cn;POINT (-8.396435049672846 29.84169214305202);True;single_strict_match
1;sydney;australia;sydney;100.0;Ci2Ci;POINT (151.2125477744749 -33.87137339218338);True;single_strict_match
12;brisbane;australia;brisbane;100.0;Ci2Ci;POINT (153.0331469 -27.453085);True;single_strict_match
2;melbourne;australia;melbourne;100.0;Ci2Ci;POINT (144.9730704 -37.8180855);True;single_strict_match
3;perth;australia;perth;100.0;Ci2Ci;POINT (115.8380529 -31.9530688);True;single_strict_match
433;newsouthwales;australia;newsouthwales;100.0;Ci2St;POINT (147.01166187690956 -32.16886818095988);True;single_strict_match
434;victoria;australia;victoria;100.0;Ci2St;POINT (144.30883840665663 -36.85676118514322);True;single_strict_match
6;hobart;australia;hobart;100.0;Ci2Ci;POINT (147.2950297 -42.8500085);True;single_strict_match
675;goldcoast;australia;goldcoast;100.0;Ci2Ci;POINT (153.4482458 -28.0815043);True;single_strict_match
4;canberra;australia;canberra;100.0;Ci2Ci;POINT (149.1290262 -35.2830285);True;single_strict_match
674;byronbay;australia;byronbay;100.0;Ci2Ci;POINT (153.6128869 -28.656508);True;single_strict_match
435;queensland;australia;queensland;100.0;Ci2St;POINT (144.55014994092386 -22.57173061446449);True;single_strict_match
441;darwin;australia;darwin;100.0;Ci2Ci;POINT (130.8500386 -12.425354);True;single_strict_match
438;tasmania;australia;tasmania;100.0;Ci2St;POINT (146.59778460368398 -41.93532451968814);True;single_strict_match
563;ljubljana;slovenia;ljubljana;100.0;Ci2Ci;POINT (14.514969 46.0552883);True;single_strict_match
142;slovenia;slovenia;slovenia;100.0;Ci2Cn;POINT (14.808103978871658 46.11611906292123);True;single_strict_match
561;vilnius;lithuania;vilnius;100.0;Ci2Ci;POINT (25.3166353 54.6833663);True;single_strict_match
91;lithuania;lithuania;lithuania;100.0;Ci2Cn;POINT (23.88824901574169 55.3270236411821);True;single_strict_match
454;warsaw;poland;warsaw;100.0;Ci2Ci;POINT (21.005346737742283 52.23087197353951);True;single_strict_match
677;lodz;poland;lodz;100.0;Ci2Ci;POINT (19.458228648552854 51.76779686697564);True;single_strict_match
666;poznan;poland;poznan;100.0;Ci2Ci;POINT (16.8999397 52.4057534);True;single_strict_match
667;gdansk;poland;gdansk;100.0;Ci2Ci;POINT (18.6400402 54.3599752);True;single_strict_match
455;krakow;poland;krakow;100.0;Ci2Ci;POINT (19.9580655 50.0619251);True;single_strict_match
408;oslo;norway;oslo;100.0;Ci2Ci;POINT (10.7480333 59.9186361);True;single_strict_match
57;norway;norway;norway;100.0;Ci2Cn;POINT (15.409599158479123 68.79427292175764);True;single_strict_match
409;bergen;norway;bergen;100.0;Ci2Ci;POINT (5.3245223 60.3910024);True;single_strict_match
547;beirut;lebanon;beirut;100.0;Ci2Ci;POINT (35.5077624 33.873921);True;single_strict_match
258;johannesburg;southafrica;johannesburg;100.0;Ci2Ci;POINT (28.0280639 -26.1680989);True;single_strict_match
100;capetown;southafrica;capetown;100.0;Ci2Ci;POINT (18.4330423 -33.9180651);True;single_strict_match
259;durban;southafrica;durban;100.0;Ci2Ci;POINT (31.01094366326237 -29.86066234118211);True;single_strict_match
260;southafrica;southafrica;southafrica;100.0;Ci2Cn;POINT (25.087364435238094 -29.001032178253528);True;single_strict_match
548;pretoria;southafrica;pretoria;100.0;Ci2Ci;POINT (28.2274832 -25.7049747);True;single_strict_match
450;vienna;austria;vienna;100.0;Ci2Ci;POINT (16.3646931 48.2019611);True;single_strict_match
159;austria;austria;austria;100.0;Ci2Cn;POINT (14.13067286659042 47.58565692323963);True;single_strict_match
562;belgrade;serbia;belgrade;100.0;Ci2Ci;POINT (20.4660448 44.8205913);True;single_strict_match
93;latvia;latvia;latvia;100.0;Ci2Cn;POINT (24.908622427569235 56.851819479606235);True;single_strict_match
560;riga;latvia;riga;100.0;Ci2Ci;POINT (24.0999654 56.9500238);True;single_strict_match
67;thailand;thailand;thailand;100.0;Ci2Cn;POINT (101.00333335534482 15.114399804213997);True;single_strict_match
243;gibraltar;gibraltar;gibraltar;100.0;Ci2Ci;POINT (-5.346014061862125 36.128341769040006);True;single_strict_match
58;sweden;sweden;sweden;100.0;Ci2Cn;POINT (16.75446644090174 62.77709986819211);True;single_strict_match
396;stockholm;sweden;stockholm;100.0;Ci2Ci;POINT (18.066300168534497 59.324127204007475);True;single_strict_match
397;othenburg;sweden;sweden;;Ci2Cn;POINT (16.75446644090174 62.77709986819211);False;no_match
398;malmo;sweden;malmo;100.0;Ci2Ci;POINT (13.023059685006762 55.59942395416559);True;single_strict_match
549;athens;greece;athens;100.0;Ci2Ci;POINT (23.7313752 37.9852721);True;single_strict_match
37;greece;greece;greece;100.0;Ci2Cn;POINT (22.974818925944053 39.05118118168592);True;single_strict_match
659;mykonos;greece;greece;;Ci2Cn;POINT (22.974818925944053 39.05118118168592);False;no_match
657;thessaloniki;greece;thessaloniki;100.0;Ci2Ci;POINT (22.8830549 40.6980522);True;single_strict_match
658;crete;greece;greece;;Ci2Cn;POINT (22.974818925944053 39.05118118168592);False;no_match
199;luxembourg;luxembourg;luxembourg;100.0;Ci2Ci;POINT (6.1300028 49.6116604);True;single_strict_match
167;honduras;honduras;honduras;100.0;Ci2Cn;POINT (-86.62522683328213 14.821009202358388);True;single_strict_match
188;tbilisi;georgia;tbilisi;100.0;Ci2Ci;POINT (44.7888496 41.7269558);True;single_strict_match
377;batumi;georgia;batumi;100.0;Ci2Ci;POINT (41.6300065 41.6000047);True;single_strict_match
76;indonesia;indonesia;indonesia;100.0;Ci2Cn;POINT (117.2704333391668 -2.222961002517387);True;single_strict_match
407;helsinki;finland;helsinki;100.0;Ci2Ci;POINT (24.932456915043964 60.16380384948568);True;single_strict_match
537;seoul;southkorea;seoul;100.0;Ci2Ci;POINT (126.9977851 37.568295);True;single_strict_match
75;southkorea;southkorea;southkorea;100.0;Ci2Cn;POINT (127.8190939667025 36.3733535458461);True;single_strict_match
665;busan;southkorea;busan;100.0;Ci2Ci;POINT (129.0081017 35.0969988);True;single_strict_match
27;tokyo;japan;tokyo;100.0;Ci2Ci;POINT (139.7494616 35.6869628);True;single_strict_match
66;kansai;japan;japan;;Ci2Cn;POINT (137.97834760987635 37.5511773936148);False;no_match
140;chubu;japan;japan;;Ci2Cn;POINT (137.97834760987635 37.5511773936148);False;no_match
664;osaka;japan;osaka;100.0;Ci2Ci;POINT (135.50375419006232 34.691095244477914);True;single_strict_match
141;chugoku;japan;japan;;Ci2Cn;POINT (137.97834760987635 37.5511773936148);False;no_match
663;kyoto;japan;kyoto;100.0;Ci2Ci;POINT (135.7480521 35.0319381);True;single_strict_match
252;kanto;japan;japan;;Ci2Cn;POINT (137.97834760987635 37.5511773936148);False;no_match
294;shikoku;japan;japan;;Ci2Cn;POINT (137.97834760987635 37.5511773936148);False;no_match
138;hokkaido;japan;hokkaido;100.0;Ci2St;POINT (142.56667710983606 43.38278308255911);True;single_strict_match
254;tohoku;japan;japan;;Ci2Cn;POINT (137.97834760987635 37.5511773936148);False;no_match
242;okinawa;japan;okinawa;100.0;Ci2St;POINT (127.66653866088035 26.642997549306862);True;single_strict_match
96;egypt;egypt;egypt;100.0;Ci2Cn;POINT (29.86111079580237 26.492993084547354);True;single_strict_match
413;telaviv;israel;telaviv;100.0;Ci2Ci;POINT (34.7680659 32.0819373);True;single_strict_match
42;israel;israel;israel;100.0;Ci2Cn;POINT (34.99700919427985 31.44761212343349);True;single_strict_match
541;wellington;newzealand;wellington;100.0;Ci2Ci;POINT (174.77720094690068 -41.2920679923151);True;single_strict_match
49;southisland;newzealand;newzealand;;Ci2Cn;POINT (171.47070444809418 -41.82936353891495);False;no_match
589;northisland;newzealand;newzealand;;Ci2Cn;POINT (171.47070444809418 -41.82936353891495);False;no_match
542;christchurch;newzealand;christchurch;100.0;Ci2Ci;POINT (172.6300232 -43.5350216);True;single_strict_match
323;goa;india;goa;100.0;Ci2St;POINT (74.04582778980522 15.352195465686881);True;single_strict_match
328;mumbai;india;mumbai;100.0;Ci2Ci;POINT (72.8758393972653 19.06840847529168);True;single_strict_match
326;hyderabad;india;hyderabad;100.0;Ci2Ci;POINT (78.4780077 17.401929);True;single_strict_match
325;bangalore;india;india;;Ci2Cn;POINT (79.60712164529555 22.887985895067196);False;no_match
329;pune;india;pune;100.0;Ci2Ci;POINT (73.85189174674915 18.516394229926586);True;single_strict_match
162;otherregions;india;india;;Ci2Cn;POINT (79.60712164529555 22.887985895067196);False;no_match
327;chennai;india;chennai;100.0;Ci2Ci;POINT (80.2780529 13.0919337);True;single_strict_match
372;kolkata;india;kolkata;100.0;Ci2Ci;POINT (88.36912550443886 22.569578883795778);True;single_strict_match
68;shanghai;china;shanghai;100.0;Ci2Ci;POINT (121.4345588 31.2183983);True;single_strict_match
71;hongkong;china;china;;Ci2Cn;POINT (103.83259245836405 36.55927332971446);False;no_match
191;beijing;china;beijing;100.0;Ci2Ci;POINT (116.39420089260611 39.901720309862675);True;single_strict_match
361;shenzhen;china;shenzhen;100.0;Ci2Ci;POINT (114.06115351896277 22.54809707412332);True;single_strict_match
311;changsha;china;changsha;100.0;Ci2Ci;POINT (112.9680472 28.2019158);True;single_strict_match
281;nanjing;china;nanjing;100.0;Ci2Ci;POINT (118.7780285 32.051965);True;single_strict_match
244;macau;china;china;;Ci2Cn;POINT (103.83259245836405 36.55927332971446);False;no_match
279;tianjin;china;tianjin;100.0;Ci2Ci;POINT (117.19660728208831 39.08277176197969);True;single_strict_match
332;chongqing;china;chongqing;100.0;Ci2Ci;POINT (106.5930358 29.5669229);True;single_strict_match
447;qingdao;china;qingdao;100.0;Ci2Ci;POINT (120.3280631 36.0919251);True;single_strict_match
284;xiamen;china;xiamen;100.0;Ci2Ci;POINT (118.0780712 24.4519379);True;single_strict_match
371;kunming;china;kunming;100.0;Ci2Ci;POINT (102.69743977228744 25.042859073104868);True;single_strict_match
445;jinan;china;jinan;100.0;Ci2Ci;POINT (116.9930728 36.6769282);True;single_strict_match
280;wuhan;china;wuhan;100.0;Ci2Ci;POINT (114.2680712 30.5819772);True;single_strict_match
36;kualalumpur;malaysia;kualalumpur;100.0;Ci2Ci;POINT (101.68869929106194 3.1397969439352504);True;single_strict_match
402;copenhagen;denmark;denmark;;Ci2Cn;POINT (10.051389702776865 55.96537745663802);False;no_match
99;denmark;denmark;denmark;100.0;Ci2Cn;POINT (10.051389702776865 55.96537745663802);True;single_strict_match
515;odense;denmark;odense;100.0;Ci2Ci;POINT (10.3833349 55.4003768);True;single_strict_match
194;uruguay;uruguay;uruguay;100.0;Ci2Cn;POINT (-56.017130243133465 -32.798251145401835);True;single_strict_match
384;montevideo;uruguay;montevideo;100.0;Ci2Ci;POINT (-56.18682337831074 -34.90537638970807);True;single_strict_match
289;srilanka;srilanka;srilanka;100.0;Ci2Cn;POINT (80.70316271930008 7.6159146574060355);True;single_strict_match
182;venezuela;venezuela;venezuela;100.0;Ci2Cn;POINT (-66.16884028606822 7.127731584838519);True;single_strict_match
185;ecuador;ecuador;ecuador;100.0;Ci2Cn;POINT (-78.77228231120488 -1.4262414736102795);True;single_strict_match
660;nairobi;kenya;nairobi;100.0;Ci2Ci;POINT (36.814711 -1.2814009);True;single_strict_match
214;kenya;kenya;kenya;100.0;Ci2Cn;POINT (37.82243990624841 0.5507660771276834);True;single_strict_match
517;kyiv;ukraine;kyiv;100.0;Ci2Ci;POINT (30.5146821 50.4353132);True;single_strict_match
165;ukraine;ukraine;ukraine;100.0;Ci2Cn;POINT (31.25530614318159 49.160078290898085);True;single_strict_match
184;estonia;estonia;estonia;100.0;Ci2Cn;POINT (25.535793207468043 58.67101415039661);True;single_strict_match
566;tallinn;estonia;tallinn;100.0;Ci2Ci;POINT (24.7280407 59.4338774);True;single_strict_match
442;trinidadandtobago;trinidadandtobago;trinidadandtobago;100.0;Ci2Cn;POINT (-61.25844983927549 10.468829856764719);True;single_strict_match
98;slovakia;slovakia;slovakia;100.0;Ci2Cn;POINT (19.480382971203444 48.70493530170968);True;single_strict_match
55;taiwan;taiwan;taiwan;100.0;Ci2Cn;POINT (120.94987532976864 23.752985113410112);True;single_strict_match
456;fiji;fiji;fiji;100.0;Ci2Cn;POINT (163.40786559316325 -17.44756195212767);True;single_strict_match
556;hanoi;vietnam;hanoi;100.0;Ci2Ci;POINT (105.8480683 21.0352731);True;single_strict_match
554;hochiminhcity;vietnam;hochiminhcity;100.0;Ci2Ci;POINT (106.70298470218748 10.762124565177512);True;single_strict_match
205;vietnam;vietnam;vietnam;100.0;Ci2Cn;POINT (106.30093523600311 16.64218260604241);True;single_strict_match
299;saudiarabia;saudiarabia;saudiarabia;100.0;Ci2Cn;POINT (44.5368636756876 24.12232706505492);True;single_strict_match
304;mauritius;mauritius;mauritius;100.0;Ci2Cn;POINT (57.849700164766794 -20.185543869694726);True;single_strict_match
270;azerbaijan;azerbaijan;azerbaijan;100.0;Ci2Cn;POINT (47.54211129052379 40.28911896407594);True;single_strict_match
192;jordan;jordan;jordan;100.0;Ci2Cn;POINT (36.77092318207467 31.245576138022635);True;single_strict_match
187;bosniaandherzegovina;bosniaandherzegovina;bosniaandherzegovina;100.0;Ci2Cn;POINT (17.773408020339712 44.17173405647711);True;single_strict_match
193;montenegro;montenegro;montenegro;100.0;Ci2Cn;POINT (19.238500007219645 42.78581817779913);True;single_strict_match
671;podgorica;montenegro;podgorica;100.0;Ci2Ci;POINT (19.2663069 42.4659725);True;single_strict_match
201;iceland;iceland;iceland;100.0;Ci2Cn;POINT (-18.596445927816283 64.99831582047342);True;single_strict_match
158;monaco;monaco;monaco;100.0;Ci2Ci;POINT (7.4069132 43.7396457);True;single_strict_match
168;philippines;philippines;philippines;100.0;Ci2Cn;POINT (122.87468238473394 11.762749810031604);True;single_strict_match
565;manila;philippines;manila;100.0;Ci2Ci;POINT (120.9802713 14.6061048);True;single_strict_match
200;bolivia;bolivia;bolivia;100.0;Ci2Cn;POINT (-64.68475372880839 -16.7068768105592);True;single_strict_match
306;uganda;uganda;uganda;100.0;Ci2Cn;POINT (32.36703985272497 1.2756911925086094);True;single_strict_match
166;pakistan;pakistan;pakistan;100.0;Ci2Cn;POINT (69.34134310574187 29.948496826472294);True;single_strict_match
186;barbados;barbados;barbados;100.0;Ci2Cn;POINT (-59.56121774811805 13.18105382678023);True;single_strict_match
264;armenia;armenia;armenia;100.0;Ci2Cn;POINT (44.93230121812848 40.28813415391144);True;single_strict_match
670;skopje;northmacedonia;skopje;100.0;Ci2Ci;POINT (21.4334615 42.0000061);True;single_strict_match
498;northmacedonia;northmacedonia;northmacedonia;100.0;Ci2Cn;POINT (21.683830410347362 41.59500492551307);True;single_strict_match
135;elsalvador;elsalvador;elsalvador;100.0;Ci2Cn;POINT (-88.87103252208958 13.735849549208535);True;single_strict_match
204;malawi;malawi;malawi;100.0;Ci2Cn;POINT (34.28990780344176 -13.21722586468616);True;single_strict_match
212;mongolia;mongolia;mongolia;100.0;Ci2Cn;POINT (103.05628666206529 46.8258060660322);True;single_strict_match
272;cambodia;cambodia;cambodia;100.0;Ci2Cn;POINT (104.90280424756864 12.715562472813607);True;single_strict_match
557;lagos;nigeria;lagos;100.0;Ci2Ci;POINT (3.3895852 6.4452075);True;single_strict_match
368;palestine;palestine;palestine;100.0;Ci2Cn;POINT (35.20065025911275 31.91751322612234);True;single_strict_match
334;curacao;curacao;curacao;100.0;Ci2St;POINT (-68.97130560700961 12.193821089163583);True;single_strict_match
203;qatar;qatar;qatar;100.0;Ci2Cn;POINT (51.18683129355732 25.31307459410549);True;single_strict_match
216;uzbekistan;uzbekistan;uzbekistan;100.0;Ci2Cn;POINT (63.13990888950239 41.75603586936673);True;single_strict_match
370;senegal;senegal;senegal;100.0;Ci2Cn;POINT (-14.471306027638754 14.367788578853146);True;single_strict_match
467;capeverde;capeverde;caboverde;;Ci2Cn;POINT (-23.975655808018544 15.94515192693099);False;no_match
189;belarus;belarus;belarus;100.0;Ci2Cn;POINT (28.03356657437337 53.53188043500037);True;single_strict_match
206;iran;iran;iran;100.0;Ci2Cn;POINT (54.276946744425004 32.570678173567586);True;single_strict_match
215;oman;oman;oman;;Ci2Cn;POINT (56.092656546363955 20.601805654261398);False;no_match
330;bermuda;bermuda;bermuda;100.0;Ci2Cn;POINT (-64.76349138259152 32.310136578116776);True;single_strict_match
335;myanmar;myanmar;myanmar;100.0;Ci2Cn;POINT (96.48928954076267 21.167669946541114);True;single_strict_match
222;seychelles;seychelles;seychelles;100.0;Ci2Cn;POINT (52.06229190040479 -6.489990483710157);True;single_strict_match
476;eswatini;eswatini;eswatini;100.0;Ci2Cn;POINT (31.48002410300916 -26.56191434902775);True;single_strict_match
312;angola;angola;angola;100.0;Ci2Cn;POINT (17.53698501236057 -12.292315690929815);True;single_strict_match
313;zimbabwe;zimbabwe;zimbabwe;100.0;Ci2Cn;POINT (29.851884620576858 -19.002536710001976);True;single_strict_match
221;jamaica;jamaica;jamaica;100.0;Ci2Cn;POINT (-77.31881046598318 18.155226388380452);True;single_strict_match
207;caymanislands;caymanislands;caymanislands;100.0;Ci2St;POINT (-80.87702589066522 19.426331163818006);True;single_strict_match
472;dominica;dominica;dominica;;Ci2Cn;POINT (-61.35691759205698 15.436440485357714);False;no_match
503;sierraleone;sierraleone;sierraleone;100.0;Ci2Cn;POINT (-11.795015578320859 8.563085842860378);True;single_strict_match
490;liechtenstein;liechtenstein;liechtenstein;100.0;Ci2Cn;POINT (9.540900288636877 47.13820642945771);True;single_strict_match
290;guam;guam;guam;100.0;Ci2St;POINT (144.77193912022267 13.443793017343745);True;single_strict_match
483;iraq;iraq;iraq;100.0;Ci2Cn;POINT (43.74497702109537 33.039803777256886);True;single_strict_match
269;bangladesh;bangladesh;bangladesh;100.0;Ci2Cn;POINT (90.24199983947693 23.845677724414227);True;single_strict_match
369;rwanda;rwanda;rwanda;100.0;Ci2Cn;POINT (29.919060704593246 -1.9927505278940791);True;single_strict_match
426;ghana;ghana;ghana;100.0;Ci2Cn;POINT (-1.216523831432959 7.953954723676246);True;single_strict_match
420;botswana;botswana;botswana;100.0;Ci2Cn;POINT (23.798986732813958 -22.185772321029273);True;single_strict_match
466;afghanistan;afghanistan;afghanistan;100.0;Ci2Cn;POINT (66.00844768723816 33.83626707196046);True;single_strict_match
485;kyrgyzstan;kyrgyzstan;kyrgyzstan;100.0;Ci2Cn;POINT (74.54166943737948 41.46191868515909);True;single_strict_match
458;ethiopia;ethiopia;ethiopia;100.0;Ci2Cn;POINT (39.60055103486151 8.622951736470814);True;single_strict_match
506;syria;syria;syria;100.0;Ci2Cn;POINT (38.504564757846076 35.0230034604981);True;single_strict_match
501;sanmarino;sanmarino;sanmarino;100.0;Ci2Ci;POINT (12.4417702 43.9360958);True;single_strict_match
421;burkinafaso;burkinafaso;burkinafaso;100.0;Ci2Cn;POINT (-1.7555276952566217 12.269553913794407);True;single_strict_match
496;nauru;nauru;nauru;100.0;Ci2Cn;POINT (166.93313192931075 -0.5207828848285432);True;single_strict_match
38;miami;unitedstatesofamerica;miami;100.0;Ci2Ci;POINT (-80.2260519 25.7895566);True;single_strict_match_awa_fuzzy
22;washingtondc;unitedstatesofamerica;washingtondc;100.0;Ci2Ci;POINT (-77.0113644 38.9014952);True;single_strict_match_awa_fuzzy
532;atlanta;unitedstatesofamerica;atlanta;100.0;Ci2Ci;POINT (-84.36764186571386 33.73945728378348);True;single_strict_match_awa_fuzzy
592;saltlakecity;unitedstatesofamerica;saltlakecity;100.0;Ci2Ci;POINT (-111.9319978 40.7769622);True;single_strict_match_awa_fuzzy
596;palmsprings;unitedstatesofamerica;palmsprings;100.0;Ci2Ci;POINT (-116.5330526 33.7773556);True;single_strict_match_awa_fuzzy
652;charlotte;unitedstatesofamerica;charlotte;100.0;Ci2Ci;POINT (-80.8319839 35.2069404);True;single_strict_match_awa_fuzzy
90;kansas;unitedstatesofamerica;kansas;100.0;Ci2St;POINT (-98.38084832952724 38.484366643611985);True;single_strict_match_awa_fuzzy
594;madison;unitedstatesofamerica;madison;100.0;Ci2Ci;POINT (-89.401117 43.0730156);True;single_strict_match_awa_fuzzy
82;colorado;unitedstatesofamerica;colorado;100.0;Ci2St;POINT (-105.54675532263333 38.9991444969154);True;single_strict_match_awa_fuzzy
110;arkansas;unitedstatesofamerica;arkansas;100.0;Ci2St;POINT (-92.44418442808765 34.902804975162674);True;single_strict_match_awa_fuzzy
113;idaho;unitedstatesofamerica;idaho;100.0;Ci2St;POINT (-114.65345629148574 44.39430951216338);True;single_strict_match_awa_fuzzy
653;nashville;unitedstatesofamerica;nashville;100.0;Ci2Ci;POINT (-86.7819308 36.1719202);True;single_strict_match_awa_fuzzy
314;jacksonville;unitedstatesofamerica;jacksonville;100.0;Ci2Ci;POINT (-77.4305557 34.7543244);True;single_strict_match_awa_fuzzy
114;iowa;unitedstatesofamerica;iowa;100.0;Ci2St;POINT (-93.49785374765473 42.07771312566711);True;single_strict_match_awa_fuzzy
318;texas;unitedstatesofamerica;texas;100.0;Ci2St;POINT (-99.3553800368793 31.5002554009002);True;single_strict_match_awa_fuzzy
85;indiana;unitedstatesofamerica;indiana;100.0;Ci2St;POINT (-86.28509363374353 39.917864137362734);True;single_strict_match_awa_fuzzy
130;virginia;unitedstatesofamerica;virginia;100.0;Ci2Ci;POINT (-92.5364036 47.5236741);True;single_strict_match_awa_fuzzy
131;westvirginia;unitedstatesofamerica;westvirginia;100.0;Ci2St;POINT (-80.61135484666039 38.646768358836724);True;single_strict_match_awa_fuzzy
104;oklahoma;unitedstatesofamerica;oklahoma;100.0;Ci2St;POINT (-97.51135702127256 35.58793537241537);True;single_strict_match_awa_fuzzy
109;alaska;unitedstatesofamerica;alaska;100.0;Ci2St;POINT (-152.27608966927212 64.26198031590351);True;single_strict_match_awa_fuzzy
607;valencia;spain;valencia;100.0;Ci2Ci;POINT (-0.4019579 39.4869634);True;single_strict_match_awa_fuzzy
344;manchester;unitedkingdom;manchester;100.0;Ci2Ci;POINT (-2.2486846671598855 53.47531992472453);True;single_strict_match_awa_fuzzy
345;newcastle;unitedkingdom;newcastle;100.0;Ci2Ci;POINT (-1.6116254893345796 54.98974205316957);True;single_strict_match_awa_fuzzy
13;london;unitedkingdom;london;100.0;Ci2Ci;POINT (-0.1186677 51.5019406);True;single_strict_match_awa_fuzzy
535;brighton;unitedkingdom;brighton;100.0;Ci2Ci;POINT (-0.1699744 50.8303457);True;single_strict_match_awa_fuzzy
544;nottingham;unitedkingdom;nottingham;100.0;Ci2Ci;POINT (-1.1657063345433347 52.941084202004);True;single_strict_match_awa_fuzzy
342;aberdeen;unitedkingdom;aberdeen;100.0;Ci2Ci;POINT (-2.105049991692299 57.145133499698055);True;single_strict_match_awa_fuzzy
347;milan;italy;milan;100.0;Ci2Ci;POINT (9.2030631 45.4719211);True;single_strict_match_awa_fuzzy
61;brazil;brazil;brazil;100.0;Ci2Cn;POINT (-53.09248236961036 -10.780858826773859);True;single_strict_match_awa_fuzzy
386;dublin;ireland;dublin;100.0;Ci2Ci;POINT (-6.256979517281132 53.34673124898314);True;single_strict_match_awa_fuzzy
559;zagreb;croatia;zagreb;100.0;Ci2Ci;POINT (15.9999947 45.8000067);True;single_strict_match_awa_fuzzy
53;lisbon;portugal;lisbon;100.0;Ci2Ci;POINT (-9.1468122 38.7246687);True;single_strict_match_awa_fuzzy
50;romania;romania;romania;100.0;Ci2Cn;POINT (24.97294185520809 45.853464097817536);True;single_strict_match_awa_fuzzy
382;clujnapoca;romania;clujnapoca;100.0;Ci2Ci;POINT (23.5984456 46.7884219);True;single_strict_match_awa_fuzzy
546;timisoara;romania;timisoara;100.0;Ci2Ci;POINT (21.2234484 45.7588206);True;single_strict_match_awa_fuzzy
391;basel;switzerland;basel;100.0;Ci2Ci;POINT (7.590017 47.580389);True;single_strict_match_awa_fuzzy
390;zurich;switzerland;zurich;100.0;Ci2Ci;POINT (8.5480643 47.3819337);True;single_strict_match_awa_fuzzy
392;geneva;switzerland;geneva;100.0;Ci2Ci;POINT (6.140028 46.2100075);True;single_strict_match_awa_fuzzy
395;buenosaires;argentina;buenosaires;100.0;Ci2Ci;POINT (-58.43251268766426 -34.61071459139255);True;single_strict_match_awa_fuzzy
404;antwerp;belgium;antwerp;100.0;Ci2St;POINT (4.717026273429327 51.22532538938942);True;single_strict_match_awa_fuzzy
618;toulouse;france;toulouse;100.0;Ci2Ci;POINT (1.4479809 43.6219048);True;single_strict_match_awa_fuzzy
339;montpellier;france;montpellier;100.0;Ci2Ci;POINT (3.8699857 43.6103988);True;single_strict_match_awa_fuzzy
620;rennes;france;rennes;100.0;Ci2Ci;POINT (-1.670012 48.1000214);True;single_strict_match_awa_fuzzy
237;krasnodar;russia;krasnodar;100.0;Ci2Ci;POINT (39.0000378 45.0199768);True;single_strict_match_awa_fuzzy
179;dominicanrepublic;dominicanrepublic;dominicanrepublic;100.0;Ci2Cn;POINT (-70.49658653845667 18.896365870018776);True;single_strict_match_awa_fuzzy
399;mexicocity;mexico;mexicocity;100.0;Ci2Ci;POINT (-99.1329341 19.4443883);True;single_strict_match_awa_fuzzy
645;guerrero;mexico;guerrero;100.0;Ci2St;POINT (-99.90270120156696 17.66726868735362);True;single_strict_match_awa_fuzzy
641;morelos;mexico;morelos;100.0;Ci2St;POINT (-99.06632212394612 18.75444706439979);True;single_strict_match_awa_fuzzy
639;hidalgo;mexico;hidalgo;100.0;Ci2St;POINT (-98.86930714041449 20.475793460676126);True;single_strict_match_awa_fuzzy
621;bajacalifornia;mexico;bajacalifornia;100.0;Ci2St;POINT (-115.09484636293678 30.542546794139586);True;single_strict_match_awa_fuzzy
644;veracruz;mexico;veracruz;100.0;Ci2Ci;POINT (-96.1599809 19.1773423);True;single_strict_match_awa_fuzzy
622;bajacaliforniasur;mexico;bajacaliforniasur;100.0;Ci2St;POINT (-112.0481872306601 25.922004106820147);True;single_strict_match_awa_fuzzy
628;nuevoleon;mexico;nuevoleon;100.0;Ci2St;POINT (-99.96230834017858 25.57121428951045);True;single_strict_match_awa_fuzzy
225;bremen;germany;bremen;100.0;Ci2Ci;POINT (8.8000207 53.0800016);True;single_strict_match_awa_fuzzy
54;edmonton;canada;edmonton;100.0;Ci2Ci;POINT (-113.5019278 53.5519705);True;single_strict_match_awa_fuzzy
74;ottawa;canada;ottawa;100.0;Ci2Ci;POINT (-75.7019612 45.4186427);True;single_strict_match_awa_fuzzy
573;alberta;canada;alberta;100.0;Ci2St;POINT (-114.5097200773265 55.16706366067021);True;single_strict_match_awa_fuzzy
584;moncton;canada;moncton;100.0;Ci2Ci;POINT (-64.7666775 46.0833486);True;single_strict_match_awa_fuzzy
582;stjohns;canada;stjohns;100.0;Ci2Ci;POINT (-52.6810069 47.5849882);True;single_strict_match_awa_fuzzy
669;tirana;albania;tirana;100.0;Ci2Ci;POINT (19.818883 41.3275407);True;single_strict_match_awa_fuzzy
449;budapest;hungary;budapest;100.0;Ci2Ci;POINT (19.0813748 47.5019522);True;single_strict_match_awa_fuzzy
92;panama;panama;panama;100.0;Ci2St;POINT (-79.11115008666393 8.992185310116206);True;single_strict_match_awa_fuzzy
5;adelaide;australia;adelaide;100.0;Ci2Ci;POINT (138.598059 -34.9330419);True;single_strict_match_awa_fuzzy
439;australiancapitalterritory;australia;australiancapitalterritory;100.0;Ci2St;POINT (149.00695312890142 -35.49758629514584);True;single_strict_match_awa_fuzzy
436;southaustralia;australia;southaustralia;100.0;Ci2St;POINT (135.82749926887834 -30.106554973201987);True;single_strict_match_awa_fuzzy
437;westernaustralia;australia;westernaustralia;100.0;Ci2St;POINT (122.17708383311054 -25.46710456420615);True;single_strict_match_awa_fuzzy
69;poland;poland;poland;100.0;Ci2Cn;POINT (19.39432213976466 52.124771818873704);True;single_strict_match_awa_fuzzy
668;wroclaw;poland;wroclaw;100.0;Ci2Ci;POINT (17.0300093 51.1104319);True;single_strict_match_awa_fuzzy
101;lebanon;lebanon;lebanon;100.0;Ci2Cn;POINT (35.87983051612946 33.920093267470115);True;single_strict_match_awa_fuzzy
453;bangkok;thailand;bangkok;100.0;Ci2Ci;POINT (100.5146988 13.7519451);True;single_strict_match_awa_fuzzy
376;georgia;georgia;georgia;100.0;Ci2Cn;POINT (43.50752633170685 42.16880077667826);True;single_strict_match_awa_fuzzy
197;cyprus;cyprus;cyprus;100.0;Ci2Cn;POINT (32.989991697320605 34.91521704381189);True;single_strict_match_awa_fuzzy
543;bali;indonesia;bali;100.0;Ci2St;POINT (115.14115805218195 -8.363241492621183);True;single_strict_match_awa_fuzzy
569;jakarta;indonesia;jakarta;100.0;Ci2Ci;POINT (106.8274918 -6.1724718);True;single_strict_match_awa_fuzzy
87;finland;finland;finland;100.0;Ci2Cn;POINT (26.27079506853504 64.4953590688654);True;single_strict_match_awa_fuzzy
540;auckland;newzealand;auckland;100.0;Ci2Ci;POINT (174.763027 -36.8480549);True;single_strict_match_awa_fuzzy
51;singapore;singapore;singapore;100.0;Ci2Ci;POINT (103.8538748 1.2949793);True;single_strict_match_awa_fuzzy
324;delhi;india;delhi;100.0;Ci2Ci;POINT (77.2280582 28.6719388);True;single_strict_match_awa_fuzzy
234;hangzhou;china;hangzhou;100.0;Ci2Ci;POINT (120.1680728 30.2519198);True;single_strict_match_awa_fuzzy
283;chengdu;china;chengdu;100.0;Ci2Ci;POINT (104.0680736 30.6719459);True;single_strict_match_awa_fuzzy
217;suzhou;china;suzhou;100.0;Ci2Ci;POINT (120.6180712 31.3024242);True;single_strict_match_awa_fuzzy
190;guangzhou;china;guangzhou;100.0;Ci2Ci;POINT (113.26178516712943 23.12472343296695);True;single_strict_match_awa_fuzzy
59;chile;chile;chile;100.0;Ci2Cn;POINT (-71.36437476479367 -37.74360663523242);True;single_strict_match_awa_fuzzy
385;santiago;chile;santiago;100.0;Ci2Ci;POINT (-70.65050407285783 -33.44020506918074);True;single_strict_match_awa_fuzzy
362;kosovo;kosovo;kosovo;100.0;Ci2Cn;POINT (20.873742976739294 42.572883356033756);True;single_strict_match_awa_fuzzy
568;bratislava;slovakia;bratislava;100.0;Ci2Ci;POINT (17.1169808 48.1500183);True;single_strict_match_awa_fuzzy
412;taipei;taiwan;taipei;100.0;Ci2Ci;POINT (121.5683333 25.0358333);True;single_strict_match_awa_fuzzy
307;algeria;algeria;algeria;100.0;Ci2Cn;POINT (2.653091376797369 28.14888965733064);True;single_strict_match_awa_fuzzy
202;guatemala;guatemala;guatemala;100.0;Ci2St;POINT (-90.49264421515166 14.637235716592889);True;single_strict_match_awa_fuzzy
288;andorra;andorra;andorra;100.0;Ci2Ci;POINT (1.5265942551654812 42.5107534941671);True;single_strict_match_awa_fuzzy
567;andorralavella;andorra;andorralavella;100.0;Ci2St;POINT (1.515480975650056 42.51538236084276);True;single_strict_match_awa_fuzzy
425;gambia;gambia;gambia;100.0;Ci2Cn;POINT (-15.397582025689497 13.44972955855733);True;single_strict_match_awa_fuzzy
196;tunisia;tunisia;tunisia;100.0;Ci2Cn;POINT (9.554626245563437 34.11940522293034);True;single_strict_match_awa_fuzzy
180;paraguay;paraguay;paraguay;100.0;Ci2Cn;POINT (-58.39842280769376 -23.227518815638398);True;single_strict_match_awa_fuzzy
249;nicaragua;nicaragua;nicaragua;100.0;Ci2Cn;POINT (-85.03341040750445 12.845494587159392);True;single_strict_match_awa_fuzzy
303;nigeria;nigeria;nigeria;100.0;Ci2Cn;POINT (8.091239276085947 9.595314826321523);True;single_strict_match_awa_fuzzy
297;kazakhstan;kazakhstan;kazakhstan;100.0;Ci2Cn;POINT (67.29596442802783 48.16065176328386);True;single_strict_match_awa_fuzzy
363;saintmartin;saintmartin;saintmartin;100.0;Ci2Cn;POINT (-63.05507063109814 18.077620618727945);True;single_strict_match_awa_fuzzy
287;nepal;nepal;nepal;100.0;Ci2Cn;POINT (83.91625337377782 28.24792222358453);True;single_strict_match_awa_fuzzy
238;cuba;cuba;cuba;100.0;Ci2Cn;POINT (-79.03521175659456 21.625298051297925);True;single_strict_match_awa_fuzzy
417;antiguaandbarbuda;antiguaandbarbuda;antiguaandbarbuda;100.0;Ci2Cn;POINT (-61.79218384033777 17.284096195258975);True;single_strict_match_awa_fuzzy
236;kuwait;kuwait;kuwait;100.0;Ci2Cn;POINT (47.594623568789736 29.340042154449243);True;single_strict_match_awa_fuzzy
331;belize;belize;belize;100.0;Ci2St;POINT (-88.37388044033598 17.566784055150144);True;single_strict_match_awa_fuzzy
305;mozambique;mozambique;mozambique;100.0;Ci2Cn;POINT (35.53810553248429 -17.27001002686331);True;single_strict_match_awa_fuzzy
482;haiti;haiti;haiti;100.0;Ci2Cn;POINT (-72.69087406294194 18.938371436631993);True;single_strict_match_awa_fuzzy
316;tampabay;unitedstatesofamerica;tampa;100.0;Ci2Ci;POINT (-82.4605667 27.9489338);False;single_fuzzy_match
661;mallorca;spain;spain;0.0;Ci2Cn;POINT (-3.65264 40.22723);False;hand_corrected
366;portugalall;portugal;portugal;100.0;Ci2Cn;POINT (-8.590837589005913 39.587146863899235);False;single_fuzzy_match
231;saintpetersburg;russia;stpetersburg;95.65217391304348;Ci2Ci;POINT (30.3140742 59.9409604);False;single_fuzzy_match
232;restofrussia;russia;russia;100.0;Ci2Cn;POINT (96.6275884170118 61.96685289688479);False;single_fuzzy_match
599;oaxacadejuarez;mexico;oaxaca;100.0;Ci2Ci;POINT (-96.6699498 17.0826898);False;single_fuzzy_match
354;hesse;germany;hessen;100.0;Ci2St;POINT (9.036190728500937 50.601367502469266);False;single_fuzzy_match
250;quebeccity;canada;quebec;100.0;Ci2Ci;POINT (-71.2456102 46.8399691);False;single_fuzzy_match
577;saskaychewan;canada;saskatchewan;91.66666666666666;Ci2St;POINT (-105.89915348876647 54.41853239100723);False;single_fuzzy_match
581;newfoundland;canada;newfoundlandandlabrador;100.0;Ci2St;POINT (-60.51538894509837 52.873069565686365);False;single_fuzzy_match
77;serbia;serbia;republicofserbia;100.0;Ci2Cn;POINT (20.789252443775897 44.2221476173515);False;single_fuzzy_match
139;kyushu;japan;kitakyushu;100.0;Ci2Ci;POINT (130.8200146 33.870399);False;single_fuzzy_match
403;aarhus;denmark;arhus;100.0;Ci2Ci;POINT (10.210684 56.157204);False;single_fuzzy_match
271;tanzania;tanzania;unitedrepublicoftanzania;100.0;Ci2Cn;POINT (34.81358642052762 -6.275097481093866);False;single_fuzzy_match
423;cotedivoire;ivorycoast;ivorycoast;0.0;Ci2Cn;POINT (-5.569 7.62797);False;hand_corrected
643;estadodemexico;mexico;mexico;100.0;Ci2St;POINT (-99.63781611961889 19.36538905430252);False;hand_corrected
8;newyorkcity;unitedstatesofamerica;newyork;100.0;Ci2Ci;POINT (-73.99571754361698 40.72156174972766);False;multiple_fuzzy_matches
319;dallasfortworth;unitedstatesofamerica;dallas;100.0;Ci2Ci;POINT (-96.79468722529398 32.771958135439206);False;multiple_fuzzy_matches
443;buffalorochester;unitedstatesofamerica;buffalo;100.0;Ci2Ci;POINT (-78.8819479 42.8819241);False;multiple_fuzzy_matches
411;washingtonstate;unitedstatesofamerica;washington;100.0;Ci2St;POINT (-120.43640099944619 47.38000351751684);False;multiple_fuzzy_matches
605;newyorkstate;unitedstatesofamerica;newyork;100.0;Ci2St;POINT (-75.68915 42.99025);False;hand_corrected
16;north;unitedkingdom;unitedkingdom;0.0;Ci2Cn;POINT (-2.88695 54.14705);False;hand_corrected
144;dortmundessen;germany;dortmund;100.0;Ci2Ci;POINT (7.4500256 51.5299671);False;multiple_fuzzy_matches
444;xian;china;china;0.0;Ci2Cn;POINT (103.83259 36.55927);False;hand_corrected
282;shenyang;china;china;0.0;Ci2Cn;POINT (103.83259 36.55927);False;hand_corrected
296;bahamas;bahamas;thebahamas;100.0;Ci2Cn;POINT (-76.55149291312819 24.223985405737352);False;multiple_fuzzy_matches
